model_size	nodes	num_tokens	ratio	total_batch_size	speedup	dataset	average_duration_d2	best_config_d2	average_duration_wlb_perseq	best_config_wlb_perseq	config_list_wlb_perseq	config_list_d2	linear_speedup	line_id
34b	8	131072	2.0	2.0	1.3886887620102473	wlbllm	8664.714002609253	(2.0, 1, 1, 1, 8664.71)	12032.590961456299	(2.0, 1, 8, 1, 12032.59)	[(2.0, 1, 8, 1, 12032.59), (2.0, 1, 2, 1, 12467.95), (2.0, 1, 4, 1, 12478.75)]	[(2.0, 1, 1, 1, 8664.71)]	65536.0	128
34b	8	262144	1.0	1.0		wlbllm			18200.160789489746	(1.0, 1, 8, 1, 18200.16)	[(1.0, 1, 8, 1, 18200.16), (1.0, 1, 4, 1, 22984.84)]		262144.0	256
