	model_size	nodes	bs	mb	num_tokens	mode	cp_size	pp_size	ratio	tbs	dataset	num_samples	average_duration	sample_0	sample_1	sample_2	sample_3	sample_4
5	34b	8	1.0	1	262144	wlbllm_perseq	4	1	1.0	1.0	wlbllm	3	22984.84269777934	23107.50126838684	22842.716455459595	23004.310369491577		
4	34b	8	1.0	1	262144	wlbllm_perseq	8	1	1.0	1.0	wlbllm	5	18200.160789489746	20595.16429901123	20360.85557937622	18568.989276885986	22675.501823425293	8800.29296875
1	34b	8	2.0	1	131072	wlbllm_perseq	4	1	2.0	2.0	wlbllm	5	12478.74732017517	12989.884376525879	16402.21095085144	13476.595401763916	13429.9795627594	6095.06630897522
2	34b	8	2.0	1	131072	wlbllm_perseq	2	1	2.0	2.0	wlbllm	5	12467.954349517822	14017.637729644775	14565.786600112915	14150.523900985718	14137.656211853027	5468.167304992676
0	34b	8	2.0	1	131072	wlbllm_perseq	8	1	2.0	2.0	wlbllm	5	12032.590961456299	12992.698907852173	14340.190887451172	13405.759811401367	13494.643688201904	5929.661512374878
3	34b	8	2.0	1	131072	d2	1	1	2.0	2.0	wlbllm	5	8664.714002609253	9455.191850662231	11880.440950393677	8574.632406234741	7861.898899078369	5551.405906677246
