{
  "test_file": "/mnt/weka/home/hao.zhang/jd/d2/tests/test_e2e_combined.py",
  "args": "Namespace(mode='wlbllm', batch_size=1, num_tokens=262144, cp_degree=8, num_seqs=3, seed=42, num_nodes=8, num_gpus_per_node=8, tp_size=8, num_layers=4, model_path='deepseek-ai/DeepSeek-R1-Distill-Llama-8B', max_sample_id=15, up_sample_factor=4, replan_iter=10, elongate_factor=2, filter_threshold=65536, filter_ratio=0.5, force_exit=False, should_add_debug_cases=True)",
  "timestamp": "2025-08-24 16:06:20 PST",
  "config": {
    "mode": "wlbllm",
    "tp_size": 8,
    "dp_size": 1,
    "cp_size": 8,
    "num_tokens": 262144,
    "model_path": "deepseek-ai/DeepSeek-R1-Distill-Llama-8B",
    "num_layers": 4,
    "max_sample_id": 15,
    "up_sample_factor": 4,
    "filter_threshold": 65536,
    "filter_ratio": 0.5,
    "replan_iter": 10,
    "elongate_factor": 2
  },
  "samples": [
    {
      "sample_id": 0,
      "samples": [
        [
          196096,
          512,
          65536
        ],
        [
          196096,
          512,
          65536
        ]
      ],
      "duration_ms": 710.2516492207845
    },
    {
      "sample_id": 1,
      "samples": [
        [
          6432,
          14688,
          6496,
          6752,
          11296,
          9008,
          3824,
          3840,
          8368,
          11360,
          6064,
          8528,
          9040,
          80,
          154096,
          2272
        ],
        [
          9424,
          2624,
          8144,
          128,
          134016,
          3312,
          12000,
          9568,
          6400,
          7936,
          2656,
          2400,
          10320,
          22608,
          1840,
          6080,
          10304,
          5648,
          4848,
          1888
        ]
      ],
      "duration_ms": 500.24986267089844
    },
    {
      "sample_id": 2,
      "samples": [
        [
          4848,
          4192,
          5168,
          4304,
          8480,
          10528,
          528,
          202576,
          864,
          7680,
          6960,
          6016
        ],
        [
          139072,
          11984,
          7280,
          103808
        ]
      ],
      "duration_ms": 641.0351594289144
    },
    {
      "sample_id": 3,
      "samples": [
        [
          30208,
          10816,
          224,
          10464,
          7568,
          35344,
          2960,
          4720,
          5696,
          10368,
          12192,
          7200,
          11520,
          8240,
          912,
          5072,
          1424,
          6352,
          1712,
          7808,
          6368,
          8160,
          2368,
          7728,
          2336,
          2480,
          12432,
          10048,
          2432,
          5376,
          9088,
          12528
        ],
        [
          181616,
          2464,
          10336,
          5536,
          2528,
          1680,
          7664,
          8480,
          368,
          3728,
          37744
        ]
      ],
      "duration_ms": 485.18649737040204
    },
    {
      "sample_id": 4,
      "samples": [
        [
          145872,
          10336,
          8144,
          7696,
          10128,
          5584,
          6256,
          8736,
          8880,
          7680,
          6768,
          11744,
          560,
          11552,
          9440,
          2768
        ],
        [
          4576,
          6480,
          5632,
          4992,
          10368,
          720,
          7776,
          4224,
          672,
          11184,
          4944,
          10496,
          9968,
          3184,
          11968,
          11040,
          11760,
          1664,
          6560,
          2192,
          14000,
          5744,
          4816,
          7680,
          11936,
          4304,
          10528,
          2960,
          7232,
          8368,
          10048,
          1280,
          8208,
          4208,
          11040,
          8656,
          288,
          4304,
          6144
        ]
      ],
      "duration_ms": 405.12967109680176
    },
    {
      "sample_id": 5,
      "samples": [
        [
          928,
          2928,
          880,
          10144,
          12160,
          3120,
          10592,
          12224,
          10704,
          832,
          1312,
          10368,
          8848,
          4064,
          10304,
          11520,
          3088,
          5008,
          9744,
          3984,
          7456,
          3760,
          3744,
          6064,
          11360,
          6784,
          5600,
          11984,
          7584,
          112,
          672,
          6864,
          10304,
          2400,
          9296,
          2864,
          2112,
          4928,
          6144,
          12176,
          7184
        ],
        [
          3088,
          1728,
          5664,
          1392,
          464,
          12272,
          7440,
          5120,
          4288,
          6176,
          10496,
          12128,
          6576,
          10144,
          10416,
          144,
          7744,
          8704,
          10240,
          8544,
          2992,
          11776,
          9392,
          1328,
          1504,
          6624,
          7552,
          1184,
          7920,
          11088,
          6096,
          12032,
          7072,
          528,
          12464,
          1520,
          11216,
          384,
          8768,
          1632,
          6304
        ]
      ],
      "duration_ms": 320.05921999613446
    },
    {
      "sample_id": 6,
      "samples": [
        [
          3808,
          4560,
          1104,
          9856,
          9584,
          9472,
          2944,
          9968,
          11648,
          11040,
          4752,
          3040,
          8496,
          176,
          3328,
          2240,
          2080,
          1280,
          9856,
          11568,
          3744,
          7280,
          3520,
          384,
          6672,
          9376,
          4528,
          5888,
          7104,
          7840,
          3040,
          4368,
          7200,
          11312,
          59088
        ],
        [
          129808,
          6144,
          3376,
          11760,
          111056
        ]
      ],
      "duration_ms": 447.09332784016925
    },
    {
      "sample_id": 7,
      "samples": [
        [
          89312,
          3536,
          11520,
          3872,
          6608,
          10448,
          3296,
          4096,
          5968,
          7856,
          4032,
          7088,
          19200,
          6656,
          11376,
          1392,
          2576,
          2992,
          6480,
          7792,
          6592,
          864,
          1056,
          4368,
          5952,
          5872,
          10784,
          6064,
          4496
        ],
        [
          7920,
          11760,
          8976,
          2944,
          11824,
          9136,
          11104,
          5136,
          8864,
          5136,
          192,
          2704,
          6368,
          10784,
          7216,
          2624,
          240,
          8656,
          1936,
          7264,
          7376,
          3984,
          11984,
          3200,
          2704,
          5968,
          5376,
          1712,
          3360,
          8240,
          4880,
          3776,
          9760,
          8752,
          7840,
          8352,
          10400,
          8256,
          8992,
          3264,
          3184
        ]
      ],
      "duration_ms": 350.35983721415204
    },
    {
      "sample_id": 8,