model_size	nodes	num_tokens	ratio	total_batch_size	speedup	dataset	average_duration_d2	best_config_d2	average_duration_wlb_perseq	best_config_wlb_perseq	config_list_wlb_perseq	config_list_d2	linear_speedup	line_id
34b	32	131072	2.0	8.0		wlbllm			14153.991063435873	(8.0, 1, 8, 1, 14153.99)	[(8.0, 1, 8, 1, 14153.99), (8.0, 1, 4, 1, 14169.67), (8.0, 1, 16, 1, 14492.38), (8.0, 1, 2, 1, 15245.35), (8.0, 1, 32, 1, 15823.35)]		16384.0	128
34b	32	262144	1.0	4.0	1.6683413592077707	wlbllm	14099.820852279663	(4.0, 1, 1, 1, 14099.82)	23523.31428527832	(4.0, 1, 4, 1, 23523.31)	[(4.0, 1, 4, 1, 23523.31), (4.0, 1, 8, 1, 23609.51), (4.0, 1, 16, 1, 23981.58), (4.0, 1, 32, 1, 24100.96)]	[(4.0, 1, 1, 1, 14099.82)]	65536.0	256
34b	32	524288	0.5	2.0	1.9186324170188602	wlbllm	19839.349269866943	(2.0, 1, 1, 1, 19839.35)	38064.41864172617	(2.0, 1, 32, 1, 38064.42)	[(2.0, 1, 32, 1, 38064.42), (2.0, 1, 8, 1, 39175.97), (2.0, 1, 16, 1, 39489.45)]	[(2.0, 1, 1, 1, 19839.35)]	262144.0	512
34b	32	524288	1.0	4.0	1.8398544735316482	wlbllm	45106.589206059776	(4.0, 1, 1, 1, 45106.59)	82989.55993652344	(4.0, 1, 4, 1, 82989.56)	[(4.0, 1, 4, 1, 82989.56)]	[(4.0, 1, 1, 1, 45106.59)]	131072.0	512
