model_size	nodes	num_tokens	ratio	total_batch_size	speedup	dataset	average_duration_d2	best_config_d2	average_duration_wlb	best_config_wlb	config_list_wlb	config_list_d2	linear_speedup	line_id
34b	32	131072	2.0	8.0		wlbllm			10223.006208737692	(8.0, 1, 8, 1, 10223.01)	[(8.0, 1, 8, 1, 10223.01), (8.0, 1, 4, 1, 10360.47), (8.0, 1, 16, 1, 11197.16), (8.0, 1, 2, 1, 14248.92)]		16384.0	128
34b	32	262144	1.0	4.0	1.0634413617131702	wlbllm	14099.820852279663	(4.0, 1, 1, 1, 14099.82)	14994.332687060038	(4.0, 1, 16, 1, 14994.33)	[(4.0, 1, 16, 1, 14994.33), (4.0, 1, 8, 1, 15499.3), (4.0, 1, 4, 1, 22381.16)]	[(4.0, 1, 1, 1, 14099.82)]	65536.0	256
34b	32	524288	0.5	2.0	1.237706966392365	wlbllm	19839.349269866943	(2.0, 1, 1, 1, 19839.35)	24555.300800005596	(2.0, 1, 16, 1, 24555.3)	[(2.0, 1, 16, 1, 24555.3), (2.0, 1, 8, 1, 35245.63)]	[(2.0, 1, 1, 1, 19839.35)]	262144.0	512
