model_size	nodes	num_tokens	ratio	total_batch_size	speedup	dataset	average_duration_d2	best_config_d2	average_duration_wlb_perseq	best_config_wlb_perseq	config_list_wlb_perseq	config_list_d2	linear_speedup	line_id
34b	32	131072	2.0	8.0	1.2507201988908885	prolong	8013.769380251567	(8.0, 1, 1, 1, 8013.77)	10022.983233133951	(8.0, 1, 4, 1, 10022.98)	[(8.0, 1, 4, 1, 10022.98), (8.0, 1, 2, 1, 10035.16), (8.0, 1, 4, 1, 10039.63), (8.0, 1, 2, 1, 10054.94), (8.0, 1, 2, 1, 10061.49), (8.0, 1, 4, 1, 10294.99), (8.0, 1, 8, 1, 10536.66), (8.0, 1, 8, 1, 10543.52), (8.0, 1, 8, 1, 10545.11), (8.0, 1, 16, 1, 10931.07), (8.0, 1, 16, 1, 11007.8), (8.0, 1, 16, 1, 11009.56), (8.0, 1, 32, 1, 11527.11), (8.0, 1, 32, 1, 11529.45), (8.0, 1, 32, 1, 11541.57)]	[(8.0, 1, 1, 1, 8013.77), (8.0, 1, 1, 1, 8029.49), (8.0, 1, 1, 1, 11637.41)]	16384.0	128
34b	32	262144	1.0	4.0	1.410291532401973	prolong	10949.298365910849	(4.0, 1, 1, 1, 10949.3)	15441.702771186829	(4.0, 1, 4, 1, 15441.7)	[(4.0, 1, 4, 1, 15441.7), (4.0, 1, 4, 1, 15444.79), (4.0, 1, 4, 1, 15470.44), (4.0, 1, 8, 1, 15689.53), (4.0, 1, 8, 1, 15701.48), (4.0, 1, 8, 1, 15956.75), (4.0, 1, 16, 1, 16221.66), (4.0, 1, 16, 1, 16238.67), (4.0, 1, 16, 1, 16246.6), (4.0, 1, 32, 1, 16451.61), (4.0, 1, 32, 1, 16464.0), (4.0, 1, 32, 1, 16467.08)]	[(4.0, 1, 1, 1, 10949.3), (4.0, 1, 1, 1, 10955.69), (4.0, 1, 1, 1, 10974.58)]	65536.0	256
34b	32	524288	0.5	2.0	1.5063798764947942	prolong	20062.47223218282	(2.0, 1, 1, 1, 20062.47)	30221.704443295795	(2.0, 1, 32, 1, 30221.7)	[(2.0, 1, 32, 1, 30221.7), (2.0, 1, 32, 1, 30472.91), (2.0, 1, 8, 1, 32071.2), (2.0, 1, 16, 1, 32694.96), (2.0, 1, 16, 1, 32698.79)]	[(2.0, 1, 1, 1, 20062.47)]	262144.0	512
