model_size	nodes	num_tokens	ratio	total_batch_size	speedup	dataset	average_duration_d2	best_config_d2	average_duration_wlb	best_config_wlb	config_list_wlb	config_list_d2	linear_speedup	line_id
34b	32	131072	2.0	8.0	1.0402096660682325	prolong	8013.769380251567	(8.0, 1, 1, 1, 8013.77)	8336.000370979309	(8.0, 1, 4, 1, 8336.0)	[(8.0, 1, 4, 1, 8336.0), (8.0, 1, 8, 1, 8559.38), (8.0, 1, 16, 1, 9451.87), (8.0, 1, 2, 1, 9469.87)]	[(8.0, 1, 1, 1, 8013.77), (8.0, 1, 1, 1, 8029.49), (8.0, 1, 1, 1, 11637.41)]	16384.0	128
34b	32	262144	1.0	4.0	1.0632753860865087	prolong	10949.298365910849	(4.0, 1, 1, 1, 10949.3)	11642.119447390238	(4.0, 1, 8, 1, 11642.12)	[(4.0, 1, 8, 1, 11642.12), (4.0, 1, 16, 1, 12165.57), (4.0, 1, 4, 1, 13575.95)]	[(4.0, 1, 1, 1, 10949.3), (4.0, 1, 1, 1, 10955.69), (4.0, 1, 1, 1, 10974.58)]	65536.0	256
34b	32	524288	0.5	2.0	1.0369956674161307	prolong	20062.47223218282	(2.0, 1, 1, 1, 20062.47)	20804.69678243001	(2.0, 1, 16, 1, 20804.7)	[(2.0, 1, 16, 1, 20804.7), (2.0, 1, 8, 1, 24689.85)]	[(2.0, 1, 1, 1, 20062.47)]	262144.0	512
