{
  "test_file": "/mnt/weka/home/hao.zhang/jd/d2/tests/test_e2e_combined.py",
  "timestamp": "2025-08-15 15:30:11 PST",
  "config": {
    "mode": "d2",
    "tp_size": 8,
    "dp_size": 4,
    "num_tokens": 131072,
    "model_path": "deepseek-ai/DeepSeek-R1-Distill-Llama-8B",
    "num_layers": 2,
    "max_sample_id": 10,
    "up_sample_factor": 8
  },
  "samples": [
    {
      "sample_id": 0,
      "samples": [
        [
          12475,
          10381,
          108216
        ],
        [
          15084,
          11178,
          88277,
          16533
        ],
        [
          106437,
          2220,
          22415
        ],
        [
          27689,
          1124,
          4901,
          18762,
          33600,
          44996
        ],
        [
          56218,
          5275,
          19544,
          50035
        ],
        [
          40244,
          90828
        ],
        [
          11316,
          2421,
          3446,
          97500,
          1143,
          6074,
          9172
        ],
        [
          57599,
          859,
          2310,
          6118,
          11751,
          52435
        ]
      ],
      "duration_ms": 924.0503311157227
    },
    {
      "sample_id": 1,
      "samples": [
        [
          68747,
          12014,
          50311
        ],
        [
          72541,
          23821,
          32154,
          2556
        ],
        [
          93339,
          24308,
          13425
        ],
        [
          76116,
          50454,
          2274,
          2228
        ],
        [
          16190,
          95484,
          10101,
          9297
        ],
        [
          9162,
          40131,
          41222,
          16243,
          24314
        ],
        [
          58646,
          42919,
          1195,
          4825,
          5165,
          18322
        ],
        [
          74808,
          4359,
          51905
        ]
      ],
      "duration_ms": 819.6959018707275
    },
    {
      "sample_id": 2,
      "samples": [
        [
          13399,
          10208,
          10311,
          5425,
          600,
          83347,
          7782
        ],
        [
          81622,
          49450
        ],
        [
          73402,
          5623,
          17498,
          34549
        ],
        [
          23312,
          95689,
          12071
        ],
        [
          16084,
          5658,
          11227,
          3721,
          765,
          49373,
          3949,
          40295
        ],
        [
          27358,
          14047,
          3068,
          10351,
          11229,
          3339,
          4237,
          57443
        ],
        [
          22124,
          62480,
          27145,
          11545,
          7778
        ],
        [
          2661,
          2765,
          5926,
          5522,
          3190,
          27556,
          3447,
          3964,
          14572,
          61469
        ]
      ],
      "duration_ms": 765.944242477417
    },
    {
      "sample_id": 3,
      "samples": [
        [
          32960,
          18134,
          10740,
          11888,
          4892,
          13626,
          11815,
          27017
        ],
        [
          93065,
          27061,
          10946
        ],
        [
          76771,
          11412,
          42889
        ],
        [
          59053,
          68067,
          3952
        ],
        [
          11847,
          12475,
          3557,
          96520,
          4855,
          1818
        ],
        [
          36966,
          4816,
          13529,
          35933,
          22511,
          17317
        ],
        [
          96215,
          34857
        ],
        [
          64453,
          4146,
          4512,
          3818,
          54143
        ]
      ],
      "duration_ms": 806.6370487213135
    },
    {
      "sample_id": 4,
      "samples": [
        [
          26968,
          10625,
          1830,
          46634,
          29811,
          11861,
          3343
        ],
        [
          17192,
          10684,
          34054,
          12051,
          504,
          19449,
          20541,
          3839,
          12758
        ],
        [
          27775,
          5344,
          11596,
          17502,
          27799,
          41056
        ],
        [
          30101,
          22511,
          1710,
          4164,
          10348,
          18730,
          15431,
          5753,
          14907,
          7417
        ],
        [
          4403,
          34515,
          3853,
          5789,
          3085,
          79427
        ],
        [
          42664,
          46712,
          3204,
          38492
        ],
        [
          84526,
          12152,
          567,
          24758,
          9069
        ],
        [
          2404,
          81111,
          1596,
          10049,
          35912
        ]
      ],
      "duration_ms": 705.1244735717773
    },
    {
      "sample_id": 5,
      "samples": [
        [
          86503,
          4699,
          18449,
          4961,
          16460
        ],
        [
          48690,
          2474,
          67158,
          3674,
          9076
        ],
        [
          1354,
          11815,
          30651,
          11831,
          18087,
          1620,
          31418,
          1663,
          623,
          10216,
          1849,
          5237,
          4708
        ],
        [
          5482,
          37328,
          3562,
          48715,
          15031,
          13475,
          4401,
          3078
        ],
        [
          44430,
          29721,
          4885,
          18804,
          33232
        ],
        [
          70873,
          60199
        ],
        [
          42224,
          66487,
          14110,
          8251
        ],
        [
          13224,
          2033,
          115815
        ]
      ],
      "duration_ms": 804.7168254852295
    },
    {
      "sample_id": 6,
      "samples": [
        [
          8686,
          96520,
          13503,
          12363
        ],
        [
          85382,
          11939,
          3930,
          29821
        ],
        [
          7616,
          99021,
          3283,
          1338,
          119,
          17411,
          2284
        ],
        [
          119264,
          5698,
          812,
          5298
        ],
        [
          88143,
          2127,
          2553,
          11363,
          1285,
          25601
        ],
        [
          82917,
          12092,
          10899,
          582,
          13709,
          10873
        ],
        [
          40222,
          4374,
          648,
          22098,
          63730
        ],
        [
          37579,
          2552,
          23732,
          32357,
          869,
          4679,
          29274,
          30
        ]
      ],
      "duration_ms": 869.0226078033447
    },
    {
      "sample_id": 7,
      "samples": [
        [
          13658,
          117414
        ],
        [
          6062,
          83593,
          41417
        ],
        [
          38203,
          12474,
          2443,
          17924,
          15520,
          3358,
          17427,
          2549,
          3393,
          14216,
          3565
        ],
        [
          8720,
          5385,
          3513,
          86378,
          18449,
          8627
        ],
        [
          32033,
          93940,
          5099
        ],
        [
          390,
          5682,
          1967,
          1785,
          28213,
          47091,
          29866,
          1115,
          14963
        ],
        [
          103923,
          3872,
          104,
          2834,
          20339
        ],
        [
          53618,
          43256,
          26121,
          8077
        ]
      ],