{
  "test_file": "/mnt/weka/home/hao.zhang/jd/d2/tests/test_e2e_combined.py",
  "timestamp": "2025-08-15 22:28:05 PST",
  "config": {
    "mode": "baseline",
    "tp_size": 4,
    "dp_size": 2,
    "num_tokens": 8192,
    "model_path": "deepseek-ai/DeepSeek-R1-Distill-Llama-8B",
    "num_layers": 4,
    "max_sample_id": 3,
    "up_sample_factor": 2
  },
  "samples": [
    {
      "sample_id": 0,
      "samples": [
        [
          8192
        ],
        [
          4594,
          3598
        ],
        [
          8192
        ],
        [
          8192
        ]
      ],
      "duration_ms": 91.39838218688965
    },
    {
      "sample_id": 1,
      "samples": [
        [
          8192
        ],
        [
          674,
          785,
          2622,
          3023,
          313,
          775
        ],
        [
          3782,
          344,
          4034,
          32
        ],
        [
          1273,
          496,
          2001,
          4422
        ]
      ],
      "duration_ms": 87.6976490020752
    },
    {
      "sample_id": 2,
      "samples": [
        [
          8192
        ],
        [
          3663,
          4529
        ],
        [
          7779,
          413
        ],
        [
          2788,
          3622,
          1782
        ]
      ],
      "duration_ms": 89.2465591430664
    }
  ]
}