{
  "test_file": "/mnt/weka/home/hao.zhang/jd/d2/tests/test_e2e_combined.py",
  "timestamp": "2025-08-15 16:00:36 PST",
  "config": {
    "mode": "baseline",
    "tp_size": 8,
    "dp_size": 4,
    "num_tokens": 170000,
    "model_path": "deepseek-ai/DeepSeek-R1-Distill-Llama-8B",
    "num_layers": 2,
    "max_sample_id": 10,
    "up_sample_factor": 8
  },
  "samples": [
    {
      "sample_id": 0,
      "samples": [
        [
          12475,
          10381,
          123300,
          11178,
          12666
        ],
        [
          75611,
          94389
        ],
        [
          28581,
          2220,
          50104,
          1124,
          4901,
          18762,
          33600,
          30708
        ],
        [
          70506,
          5275,
          19544,
          74675
        ],
        [
          15604,
          102144,
          2421,
          3446,
          46385
        ],
        [
          51115,
          1143,
          6074,
          66771,
          859,
          2310,
          6118,
          11751,
          23859
        ],
        [
          97323,
          12014,
          60663
        ],
        [
          62189,
          23821,
          32154,
          51836
        ]
      ],
      "duration_ms": 1222.5200176239014
    },
    {
      "sample_id": 1,
      "samples": [
        [
          44059,
          24308,
          89541,
          12092
        ],
        [
          38362,
          2274,
          18418,
          95484,
          10101,
          5361
        ],
        [
          13098,
          40131,
          41222,
          16243,
          59306
        ],
        [
          23654,
          42919,
          1195,
          4825,
          5165,
          92242
        ],
        [
          888,
          4359,
          65304,
          10208,
          10311,
          5425,
          600,
          72905
        ],
        [
          10442,
          89404,
          70154
        ],
        [
          52698,
          5623,
          17498,
          57861,
          36320
        ],
        [
          59369,
          28155,
          5658,
          11227,
          3721,
          765,
          49373,
          3949,
          7783
        ]
      ],
      "duration_ms": 1063.8991355895996
    },
    {
      "sample_id": 2,
      "samples": [
        [
          59870,
          14047,
          3068,
          10351,
          11229,
          3339,
          4237,
          63859
        ],
        [
          15708,
          62480,
          27145,
          11545,
          10439,
          2765,
          5926,
          5522,
          3190,
          25280
        ],
        [
          2276,
          3447,
          3964,
          14572,
          94429,
          18134,
          10740,
          11888,
          4892,
          5658
        ],
        [
          7968,
          11815,
          120082,
          27061,
          3074
        ],
        [
          84643,
          11412,
          73945
        ],
        [
          27997,
          68067,
          15799,
          12475,
          3557,
          42105
        ],
        [
          54415,
          4855,
          38784,
          4816,
          13529,
          35933,
          17668
        ],
        [
          4843,
          113532,
          51625
        ]
      ],
      "duration_ms": 1116.523551940918
    },
    {
      "sample_id": 3,
      "samples": [
        [
          47685,
          4146,
          4512,
          3818,
          81111,
          10625,
          1830,
          16273
        ],
        [
          30361,
          29811,
          11861,
          20535,
          10684,
          34054,
          12051,
          504,
          19449,
          690
        ],
        [
          19851,
          3839,
          40533,
          5344,
          11596,
          17502,
          27799,
          43536
        ],
        [
          27621,
          22511,
          1710,
          4164,
          10348,
          18730,
          15431,
          5753,
          14907,
          11820,
          34515,
          2490
        ],
        [
          1363,
          5789,
          3085,
          122091,
          37672
        ],
        [
          9040,
          3204,
          123018,
          12152,
          567,
          22019
        ],
        [
          2739,
          11473,
          81111,
          1596,
          10049,
          63032
        ],
        [
          59383,
          4699,
          18449,
          4961,
          65150,
          2474,
          14884
        ]
      ],
      "duration_ms": 1263.459300994873
    },
    {
      "sample_id": 4,
      "samples": [
        [
          52274,
          3674,
          10430,
          11815,
          30651,
          11831,
          18087,
          1620,
          29618
        ],
        [
          1800,
          1663,
          623,
          10216,
          1849,
          5237,
          10190,
          37328,
          3562,
          48715,
          15031,
          13475,
          4401,
          15910
        ],
        [
          31598,
          29721,
          4885,
          18804,
          84992
        ],
        [
          19113,
          102423,
          48464
        ],
        [
          18023,
          14110,
          21475,
          2033,
          114359
        ],
        [
          10142,
          96520,
          13503,
          49835
        ],
        [
          47910,
          11939,
          3930,
          37437,
          68784
        ],
        [
          30237,
          3283,
          1338,
          119,
          17411,
          117612
        ]
      ],
      "duration_ms": 1131.4379215240479
    },
    {
      "sample_id": 5,
      "samples": [
        [
          3936,
          5698,
          812,
          93441,
          2127,
          2553,
          11363,
          1285,
          48785
        ],
        [
          59733,
          12092,
          10899,
          582,
          13709,
          51095,
          4374,
          648,
          16868
        ],
        [
          5230,
          101309,
          2552,
          23732,
          32357,
          869,
          3951
        ],
        [
          728,
          29274,
          13688,
          123476,
          2834
        ],
        [
          80759,
          79620,
          9621
        ],
        [
          2853,
          2443,
          17924,
          15520,
          3358,
          17427,
          2549,
          3393,
          14216,
          12285,
          5385,
          3513,
          69134
        ],
        [
          17244,
          18449,
          40660,
          93647
        ],
        [
          293,
          5489,
          5682,
          1967,
          1785,
          28213,
          47091,
          29866,
          1115,
          48499
        ]
      ],
      "duration_ms": 1178.4297943115234
    },
    {
      "sample_id": 6,