{
  "test_file": "/mnt/weka/home/hao.zhang/jd/d2/tests/test_e2e_combined.py",
  "timestamp": "2025-08-13 23:30:50 PST",
  "config": {
    "mode": "d2",
    "tp_size": 8,
    "dp_size": 4,
    "num_tokens": 32768,
    "model_path": "deepseek-ai/DeepSeek-R1-Distill-Llama-8B",
    "num_layers": 4,
    "max_sample_id": 10,
    "up_sample_factor": 2
  },
  "samples": [
    {
      "sample_id": 0,
      "samples": [
        [
          12786,
          19982
        ],
        [
          8866,
          785,
          2622,
          3023,
          313,
          4557,
          344,
          4034,
          1305,
          496,
          2001,
          4422
        ],
        [
          11855,
          12308,
          3201,
          3622,
          1782
        ],
        [
          10681,
          5841,
          10797,
          1055,
          4394
        ],
        [
          74,
          12464,
          4784,
          3960,
          11486
        ],
        [
          3120,
          308,
          623,
          28717
        ],
        [
          32768
        ],
        [
          14876,
          10839,
          7053
        ]
      ],
      "duration_ms": 276.395845413208
    },
    {
      "sample_id": 1,
      "samples": [
        [
          11653,
          1031,
          1606,
          18478
        ],
        [
          23441,
          1212,
          280,
          4490,
          2575,
          770
        ],
        [
          2195,
          12284,
          294,
          17995
        ],
        [
          32768
        ],
        [
          32768
        ],
        [
          32768
        ],
        [
          3004,
          4937,
          5114,
          757,
          10155,
          540,
          2710,
          2074,
          2215,
          1262
        ],
        [
          4774,
          3859,
          21943,
          2192
        ]
      ],
      "duration_ms": 301.59144401550293
    },
    {
      "sample_id": 2,
      "samples": [
        [
          10807,
          11815,
          4676,
          4535,
          935
        ],
        [
          14186,
          4271,
          2765,
          11546
        ],
        [
          32768
        ],
        [
          32768
        ],
        [
          23082,
          1804,
          7882
        ],
        [
          3783,
          6161,
          5108,
          2972,
          4865,
          1364,
          2823,
          5692
        ],
        [
          448,
          5340,
          5943,
          3466,
          2460,
          3111,
          12000
        ],
        [
          1034,
          3288,
          682,
          1816,
          25948
        ]
      ],
      "duration_ms": 285.81557273864746
    },
    {
      "sample_id": 3,
      "samples": [
        [
          32768
        ],
        [
          32768
        ],
        [
          4205,
          5574,
          5085,
          3292,
          1228,
          6053,
          4517,
          2814
        ],
        [
          32768
        ],
        [
          10233,
          1817,
          17620,
          3098
        ],
        [
          32768
        ],
        [
          32768
        ],
        [
          19107,
          804,
          10945,
          1285,
          627
        ]
      ],
      "duration_ms": 299.58767890930176
    },
    {
      "sample_id": 4,
      "samples": [
        [
          893,
          4836,
          1412,
          2487,
          4114,
          2900,
          16126
        ],
        [
          32768
        ],
        [
          22071,
          3447,
          7250
        ],
        [
          3875,
          15408,
          1835,
          11650
        ],
        [
          32768
        ],
        [
          16173,
          469,
          1430,
          14696
        ],
        [
          31333,
          1435
        ],
        [
          17084,
          15684
        ]
      ],
      "duration_ms": 298.6266613006592
    },
    {
      "sample_id": 5,
      "samples": [
        [
          32768
        ],
        [
          32768
        ],
        [
          16915,
          5460,
          10393
        ],
        [
          32768
        ],
        [
          19438,
          13330
        ],
        [
          322,
          10234,
          2160,
          1827,
          10541,
          3676,
          4008
        ],
        [
          8028,
          5887,
          1924,
          5584,
          2895,
          1459,
          1158,
          1442,
          4391
        ],
        [
          11705,
          3188,
          5074,
          1055,
          5237,
          5720,
          789
        ]
      ],
      "duration_ms": 284.24296379089355
    },
    {
      "sample_id": 6,
      "samples": [
        [
          1229,
          20761,
          2423,
          8355
        ],
        [
          32768
        ],
        [
          32768
        ],
        [
          16539,
          256,
          9653,
          2370,
          2137,
          1813
        ],
        [
          1803,
          3995,
          4777,
          3184,
          1761,
          3480,
          6117,
          920,
          585,
          4499,
          1647
        ],
        [
          75,
          18460,
          57,
          5522,
          5194,
          3460
        ],
        [
          489,
          4306,
          3775,
          20037,
          4161
        ],
        [
          1819,
          3290,
          11947,
          14304,
          1408
        ]
      ],
      "duration_ms": 283.123779296875
    },
    {
      "sample_id": 7,
      "samples": [
        [
          1308,
          6128,
          1580,
          23752
        ],
        [
          798,
          3918,
          185,
          3608,
          747,
          4539,
          18973
        ],
        [
          3159,
          3407,
          1773,
          1350,
          5638,
          428,
          12257,
          3515,
          1241
        ],
        [
          32768
        ],
        [
          18721,
          14047
        ],
        [
          32768
        ],
        [
          11454,
          2059,
          5758,
          4017,
          3245,
          672,
          3700,
          1863
        ],
        [
          2794,
          1082,
          28892
        ]
      ],
      "duration_ms": 286.58447265625
    },
    {
      "sample_id": 8,
      "samples": [
        [
          13147,
          3532,
          2394,
          6242,
          7453
        ],
        [
          5447,
          27321
        ],
        [
          20111,
          2512,
          4603,
          3906,
          1636
        ],
        [
          32768
        ],
        [
          32768
        ],
        [
          32768
        ],
        [
          24295,
          8473
        ],
        [
          32768
        ]
      ],
      "duration_ms": 301.6929626464844
    },
    {
      "sample_id": 9,
      "samples": [
        [
          32768
        ],
        [
          28359,
          2094,
          2315
        ],
        [
          32768
        ],
        [
          32768
        ],
        [
          28439,
          3976,
          353
        ],
        [
          10727,
          5501,
          1022,
          5212,
          5459,
          2159,
          2688
        ],
        [
          1383,
          16799,
          67,
          12544,
          1975
        ],
        [
          32768
        ]
      ],
      "duration_ms": 297.10631370544434
    }
  ]
}