{
  "test_file": "/mnt/weka/home/hao.zhang/jd/d2/tests/test_e2e_combined.py",
  "timestamp": "2025-08-13 15:56:06 PST",
  "config": {
    "mode": "d2",
    "tp_size": 8,
    "dp_size": 2,
    "num_tokens": 131072,
    "model_path": "deepseek-ai/DeepSeek-R1-Distill-Llama-8B",
    "num_layers": 4,
    "max_sample_id": 3,
    "up_sample_factor": 2
  },
  "samples": [
    {
      "sample_id": 0,
      "samples": [
        [
          12786,
          28848,
          785,
          2622,
          3023,
          313,
          4557,
          344,
          4034,
          1305,
          496,
          2001,
          16277,
          12308,
          3201,
          3622,
          12463,
          5841,
          10797,
          1055,
          4394
        ],
        [
          74,
          12464,
          4784,
          3960,
          14606,
          308,
          623,
          76361,
          10839,
          7053
        ],
        [
          11653,
          1031,
          1606,
          41919,
          1212,
          280,
          4490,
          2575,
          2965,
          12284,
          294,
          50763
        ],
        [
          68540,
          4937,
          5114,
          757,
          10155,
          540,
          2710,
          2074,
          2215,
          6036,
          3859,
          21943,
          2192
        ]
      ],
      "duration_ms": 1227.9761791229248
    },
    {
      "sample_id": 1,
      "samples": [
        [
          10807,
          11815,
          4676,
          4535,
          15121,
          4271,
          2765,
          77082
        ],
        [
          23082,
          1804,
          11665,
          6161,
          5108,
          2972,
          4865,
          1364,
          2823,
          6140,
          5340,
          5943,
          3466,
          2460,
          3111,
          13034,
          3288,
          682,
          1816,
          25948
        ],
        [
          69741,
          5574,
          5085,
          3292,
          1228,
          6053,
          4517,
          35582
        ],
        [
          10233,
          1817,
          17620,
          87741,
          804,
          10945,
          1285,
          627
        ]
      ],
      "duration_ms": 1316.1634922027588
    },
    {
      "sample_id": 2,
      "samples": [
        [
          893,
          4836,
          1412,
          2487,
          4114,
          2900,
          70965,
          3447,
          11125,
          15408,
          1835,
          11650
        ],
        [
          48941,
          469,
          1430,
          46029,
          18519,
          15684
        ],
        [
          82451,
          5460,
          43161
        ],
        [
          19438,
          13652,
          10234,
          2160,
          1827,
          10541,
          3676,
          12036,
          5887,
          1924,
          5584,
          2895,
          1459,
          1158,
          1442,
          16096,
          3188,
          5074,
          1055,
          5237,
          5720,
          789
        ]
      ],
      "duration_ms": 1277.3674488067627
    }
  ]
}