{
  "test_file": "/mnt/weka/home/hao.zhang/jd/d2/tests/test_e2e_combined.py",
  "timestamp": "2025-08-13 15:53:24 PST",
  "config": {
    "mode": "d2",
    "tp_size": 8,
    "dp_size": 2,
    "num_tokens": 131072,
    "model_path": "deepseek-ai/DeepSeek-R1-Distill-Llama-8B",
    "num_layers": 4,
    "max_sample_id": 10,
    "up_sample_factor": 2
  },
  "samples": [
    {
      "sample_id": 0,
      "samples": [
        [
          12786,
          28848,
          785,
          2622,
          3023,
          313,
          4557,
          344,
          4034,
          1305,
          496,
          2001,
          16277,
          12308,
          3201,
          3622,
          12463,
          5841,
          10797,
          1055,
          4394
        ],
        [
          74,
          12464,
          4784,
          3960,
          14606,
          308,
          623,
          76361,
          10839,
          7053
        ],
        [
          11653,
          1031,
          1606,
          41919,
          1212,
          280,
          4490,
          2575,
          2965,
          12284,
          294,
          50763
        ],
        [
          68540,
          4937,
          5114,
          757,
          10155,
          540,
          2710,
          2074,
          2215,
          6036,
          3859,
          21943,
          2192
        ]
      ],
      "duration_ms": 1241.9474601745605
    },
    {
      "sample_id": 1,
      "samples": [
        [
          10807,
          11815,
          4676,
          4535,
          15121,
          4271,
          2765,
          77082
        ],
        [
          23082,
          1804,
          11665,
          6161,
          5108,
          2972,
          4865,
          1364,
          2823,
          6140,
          5340,
          5943,
          3466,
          2460,
          3111,
          13034,
          3288,
          682,
          1816,
          25948
        ],
        [
          69741,
          5574,
          5085,
          3292,
          1228,
          6053,
          4517,
          35582
        ],
        [
          10233,
          1817,
          17620,
          87741,
          804,
          10945,
          1285,
          627
        ]
      ],
      "duration_ms": 1329.447078704834
    },
    {
      "sample_id": 2,
      "samples": [
        [
          893,
          4836,
          1412,
          2487,
          4114,
          2900,
          70965,
          3447,
          11125,
          15408,
          1835,
          11650
        ],
        [
          48941,
          469,
          1430,
          46029,
          18519,
          15684
        ],
        [
          82451,
          5460,
          43161
        ],
        [
          19438,
          13652,
          10234,
          2160,
          1827,
          10541,
          3676,
          12036,
          5887,
          1924,
          5584,
          2895,
          1459,
          1158,
          1442,
          16096,
          3188,
          5074,
          1055,
          5237,
          5720,
          789
        ]
      ],
      "duration_ms": 1294.9484825134277
    },
    {
      "sample_id": 3,
      "samples": [
        [
          1229,
          20761,
          2423,
          90430,
          256,
          9653,
          2370,
          2137,
          1813
        ],
        [
          1803,
          3995,
          4777,
          3184,
          1761,
          3480,
          6117,
          920,
          585,
          4499,
          1722,
          18460,
          57,
          5522,
          5194,
          3949,
          4306,
          3775,
          20037,
          5980,
          3290,
          11947,
          14304,
          1408
        ],
        [
          1308,
          6128,
          1580,
          24550,
          3918,
          185,
          3608,
          747,
          4539,
          22132,
          3407,
          1773,
          1350,
          5638,
          428,
          12257,
          3515,
          34009
        ],
        [
          18721,
          58269,
          2059,
          5758,
          4017,
          3245,
          672,
          3700,
          4657,
          1082,
          28892
        ]
      ],
      "duration_ms": 1229.1159629821777
    },
    {
      "sample_id": 4,
      "samples": [
        [
          13147,
          3532,
          2394,
          6242,
          12900,
          47432,
          2512,
          4603,
          3906,
          34404
        ],
        [
          89831,
          41241
        ],
        [
          61127,
          2094,
          67851
        ],
        [
          28439,
          3976,
          11080,
          5501,
          1022,
          5212,
          5459,
          2159,
          4071,
          16799,
          67,
          12544,
          34743
        ]
      ],
      "duration_ms": 1357.904052734375
    },
    {
      "sample_id": 5,
      "samples": [
        [
          85580,
          45492
        ],
        [
          12820,
          545,
          5547,
          87739,
          503,
          905,
          859,
          4491,
          1900,
          1037,
          367,
          81,
          3199,
          5060,
          6019
        ],
        [
          31499,
          4574,
          389,
          32989,
          10882,
          3971,
          15905,
          4793,
          3339,
          5635,
          4350,
          12746
        ],
        [
          25182,
          3186,
          11360,
          1962,
          36294,
          4966,
          1178,
          733,
          18134,
          1294,
          26783
        ]
      ],
      "duration_ms": 1332.2609901428223
    },
    {
      "sample_id": 6,
      "samples": [
        [
          50530,
          3487,
          4911,
          10194,
          18460,
          10865,
          3758,
          28867
        ],
        [
          45356,
          3880,
          3013,
          78823
        ],
        [
          13378,
          2625,
          6103,
          2397,
          5225,
          5796,
          3565,
          2427,
          40513,
          1049,
          11272,
          6242,
          2213,
          292,
          5266,
          995,
          21714
        ],
        [
          3162,
          14447,
          558,
          78011,
          3753,
          2806,
          5876,
          3768,
          1654,
          17037
        ]
      ],
      "duration_ms": 1294.0321922302246
    },
    {
      "sample_id": 7,
      "samples": [
        [
          1463,
          5562,
          1430,
          497,
          5819,
          18555,
          4802,
          1806,
          5710,
          16502,
          10246,
          4547,
          40884,
          13249
        ],
        [
          82141,
          5284,
          3677,
          155,
          24308,
          4456,
          11051
        ],
        [
          1493,
          5134,
          1957,
          36393,
          39703,
          302,
          10341,
          35749
        ],
        [
          7691,
          5249,
          4986,
          100398,
          2575,
          10173
        ]
      ],
      "duration_ms": 1358.9321613311768
    },
    {
      "sample_id": 8,