{
  "test_file": "/mnt/weka/home/hao.zhang/jd/d2/tests/test_e2e_combined.py",
  "timestamp": "2025-08-16 00:04:54 PST",
  "config": {
    "mode": "baseline",
    "tp_size": 4,
    "dp_size": 2,
    "num_tokens": 16384,
    "model_path": "deepseek-ai/DeepSeek-R1-Distill-Llama-8B",
    "num_layers": 4,
    "max_sample_id": 3,
    "up_sample_factor": 2
  },
  "samples": [
    {
      "sample_id": 0,
      "samples": [
        [
          12786,
          3598
        ],
        [
          16384
        ],
        [
          8866,
          785,
          2622,
          3023,
          313,
          775
        ],
        [
          3782,
          344,
          4034,
          1305,
          496,
          2001,
          4422
        ]
      ],
      "duration_ms": 182.5113296508789
    },
    {
      "sample_id": 1,
      "samples": [
        [
          11855,
          4529
        ],
        [
          7779,
          3201,
          3622,
          1782
        ],
        [
          10681,
          5703
        ],
        [
          138,
          10797,
          1055,
          4394
        ]
      ],
      "duration_ms": 168.65592002868652
    },
    {
      "sample_id": 2,
      "samples": [
        [
          74,
          12464,
          3846
        ],
        [
          938,
          3960,
          11486
        ],
        [
          3120,
          308,
          623,
          12333
        ],
        [
          16384
        ]
      ],
      "duration_ms": 183.08167457580566
    }
  ]
}