{
  "test_file": "/mnt/weka/home/hao.zhang/jd/d2/tests/test_e2e_combined.py",
  "timestamp": "2025-08-13 16:16:26 PST",
  "config": {
    "mode": "baseline",
    "tp_size": 8,
    "dp_size": 2,
    "num_tokens": 131072,
    "model_path": "deepseek-ai/DeepSeek-R1-Distill-Llama-8B",
    "num_layers": 4,
    "max_sample_id": 2,
    "up_sample_factor": 2
  },
  "samples": [
    {
      "sample_id": 0,
      "samples": [
        [
          12786,
          28848,
          785,
          2622,
          3023,
          313,
          4557,
          344,
          4034,
          1305,
          496,
          2001,
          16277,
          12308,
          3201,
          3622,
          12463,
          5841,
          10797,
          1055,
          4394
        ],
        [
          74,
          12464,
          4784,
          3960,
          14606,
          308,
          623,
          76361,
          10839,
          7053
        ],
        [
          11653,
          1031,
          1606,
          41919,
          1212,
          280,
          4490,
          2575,
          2965,
          12284,
          294,
          50763
        ],
        [
          68540,
          4937,
          5114,
          757,
          10155,
          540,
          2710,
          2074,
          2215,
          6036,
          3859,
          21943,
          2192
        ]
      ],
      "duration_ms": 1233.213186264038
    },
    {
      "sample_id": 1,
      "samples": [
        [
          10807,
          11815,
          4676,
          4535,
          15121,
          4271,
          2765,
          77082
        ],
        [
          23082,
          1804,
          11665,
          6161,
          5108,
          2972,
          4865,
          1364,
          2823,
          6140,
          5340,
          5943,
          3466,
          2460,
          3111,
          13034,
          3288,
          682,
          1816,
          25948
        ],
        [
          69741,
          5574,
          5085,
          3292,
          1228,
          6053,
          4517,
          35582
        ],
        [
          10233,
          1817,
          17620,
          87741,
          804,
          10945,
          1285,
          627
        ]
      ],
      "duration_ms": 1420.6456184387207
    }
  ]
}