{
  "test_file": "/mnt/weka/home/hao.zhang/jd/d2/tests/test_e2e_combined.py",
  "timestamp": "2025-08-16 19:06:04 PST",
  "config": {
    "mode": "d2",
    "tp_size": 8,
    "dp_size": 4,
    "num_tokens": 131072,
    "model_path": "deepseek-ai/DeepSeek-R1-Distill-Llama-8B",
    "num_layers": 4,
    "max_sample_id": 20,
    "up_sample_factor": 16
  },
  "samples": [
    {
      "sample_id": 0,
      "samples": [
        [
          20172,
          4712,
          12820,
          93368
        ],
        [
          131072
        ],
        [
          131072
        ],
        [
          29648,
          101424
        ],
        [
          131072
        ],
        [
          62292,
          16396,
          52384
        ],
        [
          131072
        ],
        [
          131072
        ]
      ],
      "duration_ms": 1885.2020263671875
    },
    {
      "sample_id": 1,
      "samples": [
        [
          53448,
          77624
        ],
        [
          131072
        ],
        [
          131072
        ],
        [
          37996,
          12392,
          23908,
          2208,
          9316,
          45252
        ],
        [
          131072
        ],
        [
          131072
        ],
        [
          18876,
          3948,
          16380,
          91868
        ],
        [
          131072
        ]
      ],
      "duration_ms": 1839.4137859344482
    },
    {
      "sample_id": 2,
      "samples": [
        [
          131072
        ],
        [
          131072
        ],
        [
          6324,
          19340,
          105408
        ],
        [
          131072
        ],
        [
          131072
        ],
        [
          27712,
          18404,
          16536,
          3092,
          65328
        ],
        [
          131072
        ],
        [
          78108,
          21632,
          31332
        ]
      ],
      "duration_ms": 1859.1940879821777
    },
    {
      "sample_id": 3,
      "samples": [
        [
          11308,
          9372,
          22152,
          11448,
          76792
        ],
        [
          131072
        ],
        [
          131072
        ],
        [
          15624,
          2180,
          3380,
          8976,
          4640,
          21168,
          22032,
          23728,
          19640,
          9128,
          576
        ],
        [
          17160,
          22364,
          1228,
          18336,
          9348,
          16332,
          16264,
          11404,
          13152,
          5484
        ],
        [
          7300,
          4300,
          8692,
          110780
        ],
        [
          131072
        ],
        [
          131072
        ]
      ],
      "duration_ms": 1694.244909286499
    },
    {
      "sample_id": 4,
      "samples": [
        [
          110768,
          13724,
          6580
        ],
        [
          4560,
          5080,
          9152,
          18380,
          16460,
          3424,
          9600,
          9816,
          4032,
          12504,
          21876,
          16188
        ],
        [
          224,
          23712,
          19020,
          4208,
          24012,
          19832,
          13604,
          18604,
          4308,
          3548
        ],
        [
          3204,
          2192,
          19468,
          24784,
          14128,
          4180,
          20844,
          16876,
          25396
        ],
        [
          118788,
          4704,
          6592,
          988
        ],
        [
          23980,
          9264,
          97828
        ],
        [
          131072
        ],
        [
          131072
        ]
      ],
      "duration_ms": 1534.5887184143066
    },
    {
      "sample_id": 5,
      "samples": [
        [
          131072
        ],
        [
          1328,
          129744
        ],
        [
          131072
        ],
        [
          64492,
          66580
        ],
        [
          131072
        ],
        [
          131072
        ],
        [
          27488,
          15036,
          4356,
          53900,
          30292
        ],
        [
          131072
        ]
      ],
      "duration_ms": 1913.594627380371
    },
    {
      "sample_id": 6,
      "samples": [
        [
          131072
        ],
        [
          131072
        ],
        [
          50700,
          22120,
          3000,
          20608,
          5660,
          4380,
          2960,
          21644
        ],
        [
          976,
          18728,
          700,
          17148,
          11072,
          12660,
          1192,
          20896,
          24088,
          11476,
          10212,
          1924
        ],
        [
          20844,
          1228,
          12892,
          96108
        ],
        [
          131072
        ],
        [
          130200,
          872
        ],
        [
          131072
        ]
      ],
      "duration_ms": 1796.3361740112305
    },
    {
      "sample_id": 7,
      "samples": [
        [
          131072
        ],
        [
          51660,
          15500,
          6724,
          5404,
          6492,
          2160,
          10232,
          17432,
          8512,
          6956
        ],
        [
          8136,
          9136,
          24512,
          4264,
          85024
        ],
        [
          34448,
          16392,
          4604,
          20652,
          18264,
          36712
        ],
        [
          131072
        ],
        [
          131072
        ],
        [
          17396,
          10872,
          13552,
          13972,
          17608,
          11024,
          17772,
          28876
        ],
        [
          131072
        ]
      ],
      "duration_ms": 1638.031244277954
    },
    {
      "sample_id": 8,
      "samples": [
        [
          125924,
          5148
        ],
        [
          17728,
          15972,
          10736,
          24432,
          944,
          10292,
          50968
        ],
        [
          131072
        ],
        [
          131072
        ],
        [
          119088,
          4004,
          7980
        ],
        [
          15368,
          4140,
          2828,
          1860,
          19732,
          14228,
          4804,
          21172,
          19832,
          27108
        ],
        [
          131072
        ],
        [
          131072
        ]
      ],
      "duration_ms": 1825.6222248077393
    },
    {
      "sample_id": 9,
      "samples": [
        [
          100748,
          2968,
          9244,
          11428,
          6684
        ],
        [
          14784,
          15052,
          2168,
          7952,
          5820,
          15076,
          16328,
          10076,
          4888,
          4748,
          14568,
          7704,
          11908
        ],
        [
          1920,
          16636,
          4152,
          17604,
          8248,
          23168,
          23200,
          22192,
          7852,
          6100
        ],
        [
          18808,
          24384,
          87880
        ],
        [
          131072
        ],
        [
          131072
        ],
        [
          118460,
          10808,
          1804
        ],
        [
          9072,
          4160,
          13080,
          17464,
          87296
        ]
      ],
      "duration_ms": 1574.4135856628418
    },
    {
      "sample_id": 10,