{
  "test_file": "/mnt/weka/home/hao.zhang/jd/d2/tests/test_e2e_combined.py",
  "timestamp": "2025-08-16 14:07:35 PST",
  "config": {
    "mode": "baseline",
    "tp_size": 8,
    "dp_size": 2,
    "num_tokens": 174080,
    "model_path": "deepseek-ai/DeepSeek-R1-Distill-Llama-8B",
    "num_layers": 4,
    "max_sample_id": 16,
    "up_sample_factor": 8
  },
  "samples": [
    {
      "sample_id": 0,
      "samples": [
        [
          12475,
          10381,
          123300,
          11178,
          16746
        ],
        [
          71531,
          102549
        ],
        [
          20421,
          2220,
          50104,
          1124,
          4901,
          18762,
          33600,
          42948
        ],
        [
          58266,
          5275,
          19544,
          90279,
          716
        ]
      ],
      "duration_ms": 2221.4119911193848
    },
    {
      "sample_id": 1,
      "samples": [
        [
          101428,
          2421,
          3446,
          66785
        ],
        [
          30715,
          1143,
          6074,
          66771,
          859,
          2310,
          6118,
          11751,
          48339
        ],
        [
          72843,
          12014,
          89223
        ],
        [
          33629,
          23821,
          32154,
          84476
        ]
      ],
      "duration_ms": 1873.0592250823975
    },
    {
      "sample_id": 2,
      "samples": [
        [
          11419,
          24308,
          89541,
          48812
        ],
        [
          1642,
          2274,
          18418,
          95484,
          10101,
          18459,
          27702
        ],
        [
          12429,
          41222,
          16243,
          82960,
          21226
        ],
        [
          21693,
          1195,
          4825,
          5165,
          93130,
          4359,
          43713
        ]
      ],
      "duration_ms": 1811.5873336791992
    },
    {
      "sample_id": 3,
      "samples": [
        [
          21591,
          10208,
          10311,
          5425,
          600,
          83347,
          42598
        ],
        [
          46806,
          122852,
          4422
        ],
        [
          1201,
          17498,
          57861,
          95689,
          1831
        ],
        [
          26324,
          5658,
          11227,
          3721,
          765,
          49373,
          3949,
          67653,
          5410
        ]
      ],
      "duration_ms": 2022.8455543518066
    },
    {
      "sample_id": 4,
      "samples": [
        [
          8637,
          3068,
          10351,
          11229,
          3339,
          4237,
          79567,
          53652
        ],
        [
          8828,
          27145,
          11545,
          10439,
          2765,
          5926,
          5522,
          3190,
          27556,
          3447,
          3964,
          14572,
          49181
        ],
        [
          45248,
          18134,
          10740,
          11888,
          4892,
          13626,
          11815,
          57737
        ],
        [
          62345,
          27061,
          84674
        ]
      ],
      "duration_ms": 1664.7505283355713
    },
    {
      "sample_id": 5,
      "samples": [
        [
          3043,
          11412,
          101942,
          57683
        ],
        [
          10384,
          15799,
          12475,
          3557,
          96520,
          4855,
          30490
        ],
        [
          8294,
          4816,
          13529,
          35933,
          22511,
          88997
        ],
        [
          24535,
          99310,
          4146,
          4512,
          3818,
          37759
        ]
      ],
      "duration_ms": 1932.0886135101318
    },
    {
      "sample_id": 6,
      "samples": [
        [
          43352,
          10625,
          1830,
          46634,
          29811,
          11861,
          20535,
          9432
        ],
        [
          1252,
          34054,
          12051,
          504,
          19449,
          20541,
          3839,
          40533,
          5344,
          11596,
          17502,
          7415
        ],
        [
          20384,
          71157,
          22511,
          1710,
          4164,
          10348,
          18730,
          15431,
          5753,
          3892
        ],
        [
          11015,
          11820,
          34515,
          3853,
          5789,
          3085,
          104003
        ]
      ],
      "duration_ms": 1708.9504718780518
    },
    {
      "sample_id": 7,
      "samples": [
        [
          18088,
          46712,
          3204,
          106076
        ],
        [
          16942,
          12152,
          567,
          24758,
          11473,
          81111,
          1596,
          10049,
          15432
        ],
        [
          106983,
          4699,
          18449,
          4961,
          38988
        ],
        [
          26162,
          2474,
          67158,
          3674,
          10430,
          11815,
          30651,
          11831,
          9885
        ]
      ],
      "duration_ms": 1817.9354667663574
    },
    {
      "sample_id": 8,
      "samples": [
        [
          8202,
          1620,
          31418,
          1663,
          623,
          10216,
          1849,
          5237,
          10190,
          37328,
          3562,
          48715,
          13457
        ],
        [
          1574,
          13475,
          4401,
          47508,
          29721,
          4885,
          18804,
          53712
        ],
        [
          50393,
          102423,
          21264
        ],
        [
          45223,
          14110,
          21475,
          2033,
          91239
        ]
      ],
      "duration_ms": 1929.4166564941406
    },
    {
      "sample_id": 9,
      "samples": [
        [
          33262,
          96520,
          13503,
          30795
        ],
        [
          66950,
          11939,
          3930,
          37437,
          53824
        ],
        [
          45197,
          3283,
          1338,
          119,
          17411,
          106732
        ],
        [
          14816,
          5698,
          812,
          93441,
          2127,
          2553,
          11363,
          1285,
          41985
        ]
      ],
      "duration_ms": 1938.8983726501465
    },
    {
      "sample_id": 10,
      "samples": [
        [
          66533,
          12092,
          10899,
          582,
          13709,
          51095,
          4374,
          648,
          14148
        ],
        [
          7950,
          101309,
          2552,
          23732,
          32357,
          869,
          4679,
          632
        ],
        [
          28642,
          13688,
          123476,
          8274
        ],
        [
          75319,
          79620,
          12474,
          2443,
          4224
        ]
      ],
      "duration_ms": 2097.971820831299
    },
    {
      "sample_id": 11,
      "samples": [
        [
          13700,
          15520,
          3358,
          17427,
          2549,
          3393,
          14216,
          12285,
          5385,
          3513,
          82734
        ],
        [
          3644,
          18449,
          40660,
          93940,
          5489,
          5682,
          1967,
          1785,
          2464
        ],
        [
          25749,
          47091,
          29866,
          1115,
          70259
        ],
        [
          48627,
          3872,
          104,
          2834,
          73957,
          43256,
          1430
        ]
      ],
      "duration_ms": 1698.6054420471191
    },
    {
      "sample_id": 12,