{
  "test_file": "/mnt/weka/home/hao.zhang/jd/d2/tests/test_e2e_combined.py",
  "timestamp": "2025-08-15 19:49:46 PST",
  "config": {
    "mode": "baseline",
    "tp_size": 8,
    "dp_size": 1,
    "num_tokens": 8192,
    "model_path": "deepseek-ai/DeepSeek-R1-Distill-Llama-8B",
    "num_layers": 4,
    "max_sample_id": 4,
    "up_sample_factor": 2
  },
  "samples": [
    {
      "sample_id": 0,
      "samples": [
        [
          8192
        ],
        [
          4594,
          3598
        ]
      ],
      "duration_ms": 63.075828552246094
    },
    {
      "sample_id": 1,
      "samples": [
        [
          8192
        ],
        [
          8192
        ]
      ],
      "duration_ms": 60.954904556274414
    },
    {
      "sample_id": 2,
      "samples": [
        [
          8192
        ],
        [
          674,
          785,
          2622,
          3023,
          313,
          775
        ]
      ],
      "duration_ms": 60.55293083190918
    },
    {
      "sample_id": 3,
      "samples": [
        [
          3782,
          344,
          4034,
          32
        ],
        [
          1273,
          496,
          2001,
          4422
        ]
      ],
      "duration_ms": 58.359384536743164
    }
  ]
}