sample_id,Speedup (%),Baseline Duration (ms),D2 Duration (ms),Difference (ms),sample_config
13,16.12330254634479,1679.6046733856201,1408.7969303131104,-270.80774307250977,"[[51734,1634,3089,2264,3508,5312,63531],[55529,3240,3566,1066,1074,10210,3432,52955],[44771,3854,3317,4549,74581],[4682,1858,3542,72467,231,4158,4848,996,3988,1587,6056,26659],[42404,3313,4889,491,521 …"
18,15.7801013233327,1667.9339408874512,1404.7322750091553,-263.2016658782959,"[[3568,5902,121266,336],[95954,5322,483,447,28866],[72417,5357,53298],[15627,4176,73379,1815,36075],[69264,5624,1319,5531,1408,47926],[55380,4288,3628,4874,3780,4314,4859,1442,2911,1946,932,1497,41221 …"
11,15.410065284993646,1609.8523616790771,1361.7730617523193,-248.0792999267578,"[[41343,1531,76420,11778],[109747,1151,5658,700,4494,720,8602],[63777,1778,5754,5253,5883,48627],[43971,2940,5462,5217,1147,4217,5425,1960,6082,4536,2568,3701,43846],[78406,3562,5854,43250],[75555,724 …"
5,14.33123627114725,1702.5863647460938,1458.5846900939941,-244.0016746520996,"[[91055,40017],[61316,3945,4871,2845,3064,3483,2974,6134,42440],[82061,4322,4426,1955,38308],[70210,633,60229],[33628,4509,1617,5511,5908,1940,298,1051,2547,5174,2174,66715],[55887,858,2970,71357],[62 …"
10,13.421590926135393,1649.9505519866943,1428.5009384155273,-221.449613571167,"[[82613,3429,5541,39489],[38039,5775,4124,5626,77508],[14500,1666,5616,5893,103397],[14452,3248,113372],[8704,5070,2525,4208,2179,523,6047,3075,975,5497,5752,4608,81909],[41268,1692,4455,4446,1154,566 …"
