sample_id,Speedup (%),Baseline Duration (ms),D2 Duration (ms),Difference (ms),sample_config
1,30.881257702723442,2022.2431659698486,1397.7490425109863,-624.4941234588623,"[[36412,13968,4712,6468,14292,5268,23328,21744,4880],[12824,114416,3832],[4708,19396,14120,11352,4008,8220,5564,15372,8716,15744,16284,7588],[9300,11556,16900,964,3520,3200,15348,1148,2248,4616,868,47 …"
7,27.189150136659023,2177.168321609497,1585.2147579193115,-591.9535636901855,"[[15224,8836,16136,14132,17240,1452,9824,24252,2976,18976,2024],[8552,10428,4244,2424,1480,19508,12068,23220,424,14816,33908],[131072],[131072],[109080,12416,228,9348],[8528,7264,23592,19852,16144,203 …"
3,25.874722753558256,1718.8286781311035,1274.0865230560303,-444.74215507507324,"[[4340,5864,7532,15140,21696,13388,9552,17132,15328,13684,7416],[16396,10840,4232,5048,13272,5060,23300,18196,8668,26060],[131072],[131072],[29980,9016,12448,8628,6684,4044,19860,9288,21600,9524],[751 …"
4,23.166585523347937,1603.397798538208,1231.945276260376,-371.45252227783203,"[[56756,7092,8236,5864,8576,4856,18056,21636],[884,39932,7744,79000,3512],[7384,6688,15852,244,18836,22960,816,14356,22228,18780,2928],[68,13724,22780,21780,17272,22348,23876,9224],[3816,5400,7244,114 …"
5,20.920604606563572,2175.0699520111084,1720.0321674346924,-455.037784576416,"[[480,5676,20744,1048,12648,13828,4156,18860,21740,31892],[131072],[131072],[131072],[68124,6644,17008,39296],[1416,3904,13212,7708,20708,13632,16356,17332,24432,12372],[7960,123112],[131072]]"
