{
  "test_file": "/mnt/weka/home/hao.zhang/jd/d2/tests/test_e2e_combined.py",
  "args": "Namespace(mode='wlbllm', batch_size=2, num_tokens=262144, cp_degree=4, num_seqs=3, seed=42, num_nodes=8, num_gpus_per_node=8, tp_size=8, num_layers=4, model_path='deepseek-ai/DeepSeek-R1-Distill-Llama-8B', max_sample_id=20, up_sample_factor=4, replan_iter=10, elongate_factor=4, filter_threshold=65536, filter_ratio=0.5, force_exit=False, should_add_debug_cases=True, should_profile_memory=None)",
  "timestamp": "2025-08-27 18:47:49 PST",
  "config": {
    "mode": "wlbllm",
    "tp_size": 8,
    "dp_size": 2,
    "cp_size": 4,
    "num_tokens": 262144,
    "model_path": "deepseek-ai/DeepSeek-R1-Distill-Llama-8B",
    "num_layers": 4,
    "max_sample_id": 20,
    "up_sample_factor": 4,
    "filter_threshold": 65536,
    "filter_ratio": 0.5,
    "replan_iter": 10,
    "elongate_factor": 4
  },
  "samples": [
    {
      "sample_id": 0,
      "samples": [
        [
          196096,
          512,
          65536
        ],
        [
          196096,
          512,
          65536
        ],
        [
          12848,
          29376,
          12992,
          13488,
          22592,
          18000,
          7632,
          7680,
          16736,
          22704,
          12112,
          17056,
          18080,
          160,
          50688
        ],
        [
          257488,
          4656
        ]
      ],
      "duration_ms": 1265.8278942108154
    },
    {
      "sample_id": 1,
      "samples": [
        [
          18720,
          5232,
          16272,
          256,
          221664
        ],
        [
          46352,
          6608,
          24000,
          19136,
          12784,
          15872,
          5312,
          4784,
          20640,
          45200,
          3680,
          12160,
          20592,
          11280,
          9696,
          4048
        ],
        [
          9408,
          8368,
          10336,
          8608,
          16944,
          21040,
          1040,
          186400
        ],
        [
          218736,
          1712,
          15360,
          13920,
          12416
        ]
      ],
      "duration_ms": 1642.4518426259358
    },
    {
      "sample_id": 2,
      "samples": [
        [
          262144
        ],
        [
          15600,
          23952,
          14544,
          208048
        ],
        [
          59968,
          21616,
          432,
          20912,
          15120,
          70672,
          5920,
          9424,
          11392,
          20720,
          24368,
          1600
        ],
        [
          12784,
          23024,
          16480,
          1824,
          10144,
          2832,
          12704,
          3408,
          15600,
          12720,
          16304,
          4736,
          15456,
          4672,
          4944,
          24848,
          20096,
          4848,
          10752,
          18176,
          25792
        ]
      ],
      "duration_ms": 1201.1919021606445
    },
    {
      "sample_id": 3,
      "samples": [
        [
          262144
        ],
        [
          100352,
          4928,
          20656,
          11072,
          5056,
          3344,
          15312,
          16944,
          736,
          7456,
          76288
        ],
        [
          262144
        ],
        [
          28800,
          20656,
          16272,
          15376,
          20256,
          11152,
          12512,
          17472,
          17760,
          15360,
          13520,
          23488,
          1120,
          23088,
          18864,
          6448
        ]
      ],
      "duration_ms": 1275.1001516977947
    },
    {
      "sample_id": 4,
      "samples": [
        [
          8224,
          12960,
          11248,
          9984,
          20720,
          1424,
          15536,
          8432,
          1328,
          22352,
          9888,
          20992,
          19920,
          6352,
          23920,
          22064,
          23504,
          3328,
          13120,
          4384,
          2464
        ],
        [
          25536,
          11488,
          9616,
          15360,
          23872,
          8608,
          21040,
          5904,
          14464,
          16736,
          20096,
          2560,
          16400,
          8400,
          22064,
          17312,
          560,
          8608,
          13520
        ],
        [
          624,
          5856,
          1760,
          20272,
          24304,
          6224,
          21184,
          24432,
          21392,
          1648,
          2608,
          20720,
          17696,
          8128,
          20608,
          23040,
          6176,
          10000,
          19472,
          6000
        ],
        [
          1952,
          14912,
          7504,
          7488,
          12112,
          22720,
          13568,
          11184,
          23968,
          15168,
          208,
          1328,
          13728,
          20592,
          4800,
          18592,
          5712,
          4208,
          9856,
          12272,
          24352,
          15920
        ]
      ],
      "duration_ms": 514.6640141805013
    },
    {
      "sample_id": 5,
      "samples": [
        [
          4608,
          3440,
          11312,
          2784,
          912,
          24528,
          14864,
          10240,
          8560,
          12352,
          20976,
          24240,
          13136,
          20272,
          20816,
          288,
          15488,
          17408,
          20480,
          15440
        ],
        [
          1648,
          5984,
          23536,
          18768,
          2656,
          2992,
          13232,
          15104,
          2352,
          15840,
          22176,
          12192,
          24048,
          14128,
          1056,
          24912,
          3040,
          22432,
          752,
          17520,
          3248,
          14528
        ],
        [
          5696,
          9120,
          2208,
          19712,
          19152,
          18928,
          5872,
          19920,
          23280,
          22064,
          9504,
          6064,
          16992,
          352,
          6640,
          4464,
          4160,
          2560,
          19696,
          23136,
          7472,
          14544,
          608
        ],
        [
          6432,
          752,
          13344,
          18736,
          9040,
          11776,
          14192,
          15664,
          6080,
          8736,
          14400,
          22624,
          120368
        ]
      ],
      "duration_ms": 648.4401226043701
    },
    {
      "sample_id": 6,
      "samples": [
        [
          257408,
          4736
        ],
        [
          7552,
          6736,
          23520,
          224336
        ],
        [
          176400,
          7072,
          23024,
          7744,
          13200,
          20880,
          6576,
          7248
        ],
        [
          944,
          11936,
          15712,
          8048,
          14176,
          38400,
          13312,
          22752,
          2784,
          5136,
          5984,
          12960,
          15568,
          13168,
          1712,
          2096,
          8720,
          11904,
          11728,
          21568,
          12128,
          11408
        ]
      ],
      "duration_ms": 1293.9471403757732
    },
    {
      "sample_id": 7,