{
  "test_file": "/mnt/weka/home/hao.zhang/jd/d2/tests/test_e2e_combined.py",
  "timestamp": "2025-08-18 20:05:20 PST",
  "config": {
    "mode": "wlbllm",
    "tp_size": 8,
    "dp_size": 2,
    "num_tokens": 65536,
    "model_path": "deepseek-ai/DeepSeek-R1-Distill-Llama-8B",
    "num_layers": 4,
    "max_sample_id": 20,
    "up_sample_factor": 4,
    "filter_threshold": 65536,
    "filter_ratio": 0.1,
    "replan_iter": 10,
    "elongate_factor": 1
  },
  "samples": [
    {
      "sample_id": 0,
      "samples": [
        [
          5207,
          60329
        ],
        [
          41217,
          3484,
          5268,
          1669,
          1328,
          5515,
          4642,
          2413
        ],
        [
          435,
          5543,
          782,
          3416,
          6045,
          4818,
          5529,
          38968
        ],
        [
          65536
        ]
      ],
      "duration_ms": 647.09153175354
    },
    {
      "sample_id": 1,
      "samples": [
        [
          14301,
          484,
          2304,
          2897,
          10619,
          6248,
          3269,
          4774,
          20640
        ],
        [
          62107,
          3429
        ],
        [
          2195,
          63341
        ],
        [
          9243,
          3625,
          52668
        ]
      ],
      "duration_ms": 645.4017639160156
    },
    {
      "sample_id": 2,
      "samples": [
        [
          40773,
          6024,
          18739
        ],
        [
          65536
        ],
        [
          6166,
          2297,
          4776,
          1351,
          2746,
          793,
          47407
        ],
        [
          38002,
          27534
        ]
      ],
      "duration_ms": 626.3459205627441
    },
    {
      "sample_id": 3,
      "samples": [
        [
          48120,
          2101,
          4646,
          6245,
          4424
        ],
        [
          65536
        ],
        [
          22999,
          5239,
          3089,
          5971,
          5613,
          77,
          5589,
          1760,
          1697,
          3834,
          2724,
          2262,
          1338,
          3344
        ],
        [
          1205,
          3135,
          5012,
          1344,
          3154,
          431,
          178,
          1588,
          5674,
          1765,
          1338,
          370,
          2631,
          498,
          1757,
          5852,
          3774,
          4192,
          293,
          1022,
          504,
          19819
        ]
      ],
      "duration_ms": 568.1527614593506
    },
    {
      "sample_id": 4,
      "samples": [
        [
          65536
        ],
        [
          1974,
          2747,
          2004,
          1447,
          57364
        ],
        [
          18064,
          3844,
          43628
        ],
        [
          65536
        ]
      ],
      "duration_ms": 698.2796669006348
    },
    {
      "sample_id": 5,
      "samples": [
        [
          14459,
          1160,
          2989,
          484,
          11905,
          2265,
          3940,
          5523,
          22811
        ],
        [
          65536
        ],
        [
          31403,
          5052,
          2042,
          5784,
          4893,
          1084,
          1841,
          4567,
          3040,
          5830
        ],
        [
          65536
        ]
      ],
      "duration_ms": 628.9161682128906
    },
    {
      "sample_id": 6,
      "samples": [
        [
          51203,
          2954,
          2555,
          8824
        ],
        [
          65536
        ],
        [
          45476,
          4145,
          5757,
          5042,
          2541,
          2575
        ],
        [
          3005,
          4581,
          5701,
          3825,
          2901,
          429,
          688,
          19770,
          3237,
          510,
          6552,
          5312,
          3872,
          1757,
          85,
          3311
        ]
      ],
      "duration_ms": 600.8464813232422
    },
    {
      "sample_id": 7,
      "samples": [
        [
          65536
        ],
        [
          14811,
          10115,
          266,
          40344
        ],
        [
          54811,
          909,
          114,
          4205,
          5497
        ],
        [
          65536
        ]
      ],
      "duration_ms": 687.2472763061523
    },
    {
      "sample_id": 8,
      "samples": [
        [
          52900,
          1500,
          2844,
          8292
        ],
        [
          65536
        ],
        [
          17000,
          81,
          1708,
          4616,
          42131
        ],
        [
          65536
        ]
      ],
      "duration_ms": 686.7402076721191
    },
    {
      "sample_id": 9,
      "samples": [
        [
          14502,
          4154,
          4659,
          42221
        ],
        [
          51264,
          1256,
          5029,
          5237,
          2354,
          93,
          303
        ],
        [
          1923,
          471,
          4005,
          1341,
          3311,
          2698,
          51787
        ],
        [
          60110,
          5426
        ]
      ],
      "duration_ms": 633.725643157959
    },
    {
      "sample_id": 10,
      "samples": [
        [
          65536
        ],
        [
          24428,
          41108
        ],
        [
          55644,
          5414,
          2904,
          1574
        ],
        [
          2545,
          5872,
          4144,
          52975
        ]
      ],
      "duration_ms": 662.8037929534912
    },
    {
      "sample_id": 11,
      "samples": [
        [
          17405,
          2484,
          4168,
          3323,
          3417,
          3105,
          1058,
          163,
          4784,
          179,
          156,
          5821,
          1588,
          6200,
          3906,
          2613,
          1297,
          747,
          3122
        ],
        [
          2158,
          4806,
          3885,
          2686,
          5084,
          46917
        ],
        [
          65536
        ],
        [
          9723,
          3528,
          52285
        ]
      ],
      "duration_ms": 608.8834285736084
    },
    {
      "sample_id": 12,
      "samples": [
        [
          42216,
          23320
        ],
        [
          52987,
          5185,
          4716,
          2648
        ],
        [
          2775,
          6087,
          56674
        ],
        [
          24653,
          771,
          1174,
          3926,
          5042,
          5535,
          4569,
          458,
          4608,
          486,
          661,
          766,
          436,
          1816,
          4212,
          1730,
          4693
        ]
      ],
      "duration_ms": 591.7903900146484
    },
    {
      "sample_id": 13,
      "samples": [
        [
          1116,
          64420
        ],
        [
          29280,
          2983,
          2838,
          557,
          303,
          5599,
          23976
        ],
        [
          65536
        ],
        [
          2593,
          634,
          2431,
          6106,
          4726,
          3549,
          5223,
          6527,
          792,
          1728,
          5113,
          26114
        ]
      ],
      "duration_ms": 627.4865627288818
    },
    {
      "sample_id": 14,
      "samples": [
        [
          65536
        ],
        [
          5127,
          1720,
          5804,
          4606,
          48279
        ],
        [
          39050,
          3650,
          1666,
          4055,
          1984,
          4287,
          2685,
          4503,
          3656
        ],
        [
          1934,
          63602
        ]
      ],
      "duration_ms": 662.7781391143799
    },
    {
      "sample_id": 15,