{
  "test_file": "/mnt/weka/home/hao.zhang/jd/d2/tests/test_e2e_combined.py",
  "timestamp": "2025-08-09 13:56:10 PST",
  "config": {
    "mode": "d2",
    "tp_size": 8,
    "dp_size": 2,
    "num_tokens": 65536,
    "model_path": "deepseek-ai/DeepSeek-R1-Distill-Llama-8B",
    "num_layers": 4
  },
  "samples": [
    {
      "sample_id": 0,
      "samples": [
        [
          12786,
          28848,
          785,
          2622,
          3023,
          313,
          4557,
          344,
          4034,
          1305,
          496,
          2001,
          4422
        ],
        [
          11855,
          12308,
          3201,
          3622,
          12463,
          5841,
          10797,
          1055,
          4394
        ],
        [
          74,
          12464,
          4784,
          3960,
          14606,
          308,
          623,
          28717
        ],
        [
          47644,
          10839,
          7053
        ]
      ],
      "duration_ms": 538.9967441558838
    },
    {
      "sample_id": 1,
      "samples": [
        [
          11653,
          1031,
          1606,
          41919,
          1212,
          280,
          4490,
          2575,
          770
        ],
        [
          2195,
          12284,
          294,
          50763
        ],
        [
          65536
        ],
        [
          3004,
          4937,
          5114,
          757,
          10155,
          540,
          2710,
          2074,
          2215,
          6036,
          3859,
          21943,
          2192
        ]
      ],
      "duration_ms": 637.5411510467529
    },
    {
      "sample_id": 2,
      "samples": [
        [
          10807,
          11815,
          4676,
          4535,
          15121,
          4271,
          2765,
          11546
        ],
        [
          65536
        ],
        [
          23082,
          1804,
          11665,
          6161,
          5108,
          2972,
          4865,
          1364,
          2823,
          5692
        ],
        [
          448,
          5340,
          5943,
          3466,
          2460,
          3111,
          13034,
          3288,
          682,
          1816,
          25948
        ]
      ],
      "duration_ms": 567.1456813812256
    },
    {
      "sample_id": 3,
      "samples": [
        [
          65536
        ],
        [
          4205,
          5574,
          5085,
          3292,
          1228,
          6053,
          4517,
          35582
        ],
        [
          10233,
          1817,
          17620,
          35866
        ],
        [
          51875,
          804,
          10945,
          1285,
          627
        ]
      ],
      "duration_ms": 632.3992729187012
    },
    {
      "sample_id": 4,
      "samples": [
        [
          893,
          4836,
          1412,
          2487,
          4114,
          2900,
          48894
        ],
        [
          22071,
          3447,
          11125,
          15408,
          1835,
          11650
        ],
        [
          48941,
          469,
          1430,
          14696
        ],
        [
          31333,
          18519,
          15684
        ]
      ],
      "duration_ms": 571.0477352142334
    },
    {
      "sample_id": 5,
      "samples": [
        [
          65536
        ],
        [
          16915,
          5460,
          43161
        ],
        [
          19438,
          13652,
          10234,
          2160,
          1827,
          10541,
          3676,
          4008
        ],
        [
          8028,
          5887,
          1924,
          5584,
          2895,
          1459,
          1158,
          1442,
          16096,
          3188,
          5074,
          1055,
          5237,
          5720,
          789
        ]
      ],
      "duration_ms": 578.7252426147461
    },
    {
      "sample_id": 6,
      "samples": [
        [
          1229,
          20761,
          2423,
          41123
        ],
        [
          49307,
          256,
          9653,
          2370,
          2137,
          1813
        ],
        [
          1803,
          3995,
          4777,
          3184,
          1761,
          3480,
          6117,
          920,
          585,
          4499,
          1722,
          18460,
          57,
          5522,
          5194,
          3460
        ],
        [
          489,
          4306,
          3775,
          20037,
          5980,
          3290,
          11947,
          14304,
          1408
        ]
      ],
      "duration_ms": 556.1748027801514
    },
    {
      "sample_id": 7,
      "samples": [
        [
          1308,
          6128,
          1580,
          24550,
          3918,
          185,
          3608,
          747,
          4539,
          18973
        ],
        [
          3159,
          3407,
          1773,
          1350,
          5638,
          428,
          12257,
          3515,
          34009
        ],
        [
          18721,
          46815
        ],
        [
          11454,
          2059,
          5758,
          4017,
          3245,
          672,
          3700,
          4657,
          1082,
          28892
        ]
      ],
      "duration_ms": 562.4372005462646
    },
    {
      "sample_id": 8,
      "samples": [
        [
          13147,
          3532,
          2394,
          6242,
          12900,
          27321
        ],
        [
          20111,
          2512,
          4603,
          3906,
          34404
        ],
        [
          65536
        ],
        [
          24295,
          41241
        ]
      ],
      "duration_ms": 607.7476978302002
    },
    {
      "sample_id": 9,
      "samples": [
        [
          61127,
          2094,
          2315
        ],
        [
          65536
        ],
        [
          28439,
          3976,
          11080,
          5501,
          1022,
          5212,
          5459,
          2159,
          2688
        ],
        [
          1383,
          16799,
          67,
          12544,
          34743
        ]
      ],
      "duration_ms": 635.9785079956055
    },
    {
      "sample_id": 10,
      "samples": [
        [
          65536
        ],
        [
          20044,
          45492
        ],
        [
          12820,
          545,
          5547,
          46624
        ],
        [
          41115,
          503,
          905,
          859,
          4491,
          1900,
          1037,
          367,
          81,
          3199,
          5060,
          6019
        ]
      ],
      "duration_ms": 645.3073978424072
    },
    {
      "sample_id": 11,
      "samples": [
        [
          31499,
          4574,
          389,
          29074
        ],
        [
          3915,
          10882,
          3971,
          15905,
          4793,
          3339,
          5635,
          4350,
          12746
        ],
        [
          25182,
          3186,
          11360,
          1962,
          23846
        ],
        [
          12448,
          4966,
          1178,
          733,
          18134,
          1294,
          26783
        ]
      ],
      "duration_ms": 518.3678150177002
    },
    {
      "sample_id": 12,
      "samples": [
        [
          50530,
          3487,
          4911,
          6608
        ],
        [
          3586,
          18460,
          10865,
          3758,
          28867
        ],
        [
          45356,
          3880,
          3013,
          13287
        ],
        [
          65536
        ]
      ],
      "duration_ms": 631.6729068756104
    },
    {
      "sample_id": 13,