	model_size	nodes	bs	mb	num_tokens	mode	cp_size	pp_size	ratio	tbs	dataset	num_samples	average_duration	sample_0	sample_1	sample_2	sample_3	sample_4
2	34b	64	2.0	4	393216	wlbllm_perseq	4	2	1.0	8.0	prolong	5	43605.79023361206	45112.244844436646	47290.31157493591	48174.508810043335	49964.030742645264	27487.855195999146
5	34b	64	2.0	4	393216	wlbllm	4	2	1.0	8.0	prolong	5	43600.770711898804	45082.50403404236	47310.58573722839	48157.4342250824	49958.78219604492	27494.547367095947
1	34b	64	4.0	4	262144	wlbllm_perseq	4	2	2.0	16.0	prolong	5	33313.725423812866	42344.26760673523	42189.385414123535	42256.92963600159	25342.339038848877	14435.705423355103
4	34b	64	4.0	4	262144	wlbllm	4	2	2.0	16.0	prolong	5	33305.7427406311	42369.38190460205	42198.408126831055	42238.154888153076	25304.022550582886	14418.74623298645
0	34b	64	8.0	8	131072	wlbllm_perseq	4	2	8.0	64.0	prolong	5	34425.81958770752	53301.07760429382	42162.19520568848	25776.747226715088	25555.0639629364	25334.01393890381
3	34b	64	8.0	8	131072	wlbllm	4	2	8.0	64.0	prolong	5	34422.56455421448	53321.13742828369	42099.03335571289	25781.372785568237	25583.84919166565	25327.43000984192
